seriesuid,label,method,p0,deletion_auc,deletion_mean,insertion_auc,insertion_mean,flip_fraction,del_drop@5%,ins_gain@5%,del_drop@10%,ins_gain@10%
1.3.6.1.4.1.14519.5.2.1.6279.6001.249530219848512542668813996730,1,IG,0.15973231196403503,0.10822403007576797,0.06601654674159363,0.010334976951078968,0.03770723616798932,inf,0.07568075507879257,0.006128815934062004,0.13609085604548454,-0.005655449931509793
1.3.6.1.4.1.14519.5.2.1.6279.6001.249530219848512542668813996730,1,GradCAM,0.15973231196403503,-0.04222770052255352,-0.04608764126896858,0.012554738457459035,0.008982133818790317,inf,-0.0814628005027771,0.005246098153293133,-0.0566086620092392,0.016220795921981335
1.3.6.1.4.1.14519.5.2.1.6279.6001.249530219848512542668813996730,1,GradCAM++,0.15973231196403503,-0.05747279886690141,-0.05344358645379543,0.013575865962704473,0.009972395142540336,inf,-0.07583171129226685,0.006465350277721882,-0.07061164081096649,0.0175486346706748
1.3.6.1.4.1.14519.5.2.1.6279.6001.249530219848512542668813996730,1,RISE,0.15973231196403503,0.04271493163026081,0.023259627632796764,0.3287987590275068,0.28181436378508806,inf,0.041242122650146484,0.25716377329081297,0.03980749100446701,0.3976659579202533
1.3.6.1.4.1.14519.5.2.1.6279.6001.313605260055394498989743099991,1,IG,0.15973231196403503,0.10822403007576797,0.06601654674159363,0.010334976951078968,0.03770723616798932,inf,0.07568075507879257,0.006128815934062004,0.13609085604548454,-0.005655449931509793
1.3.6.1.4.1.14519.5.2.1.6279.6001.313605260055394498989743099991,1,GradCAM,0.15973231196403503,-0.04222770052255352,-0.04608764126896858,0.012554738457459035,0.008982133818790317,inf,-0.0814628005027771,0.005246098153293133,-0.0566086620092392,0.016220795921981335
1.3.6.1.4.1.14519.5.2.1.6279.6001.313605260055394498989743099991,1,GradCAM++,0.15973231196403503,-0.05747279886690141,-0.05344358645379543,0.013575865962704473,0.009972395142540336,inf,-0.07583171129226685,0.006465350277721882,-0.07061164081096649,0.0175486346706748
1.3.6.1.4.1.14519.5.2.1.6279.6001.313605260055394498989743099991,1,RISE,0.15973231196403503,0.04271493163026081,0.023259627632796764,0.3287987590275068,0.28181436378508806,inf,0.041242122650146484,0.25716377329081297,0.03980749100446701,0.3976659579202533
1.3.6.1.4.1.14519.5.2.1.6279.6001.124154461048929153767743874565,1,IG,0.15973231196403503,0.10822403007576797,0.06601654674159363,0.010334976951078968,0.03770723616798932,inf,0.07568075507879257,0.006128815934062004,0.13609085604548454,-0.005655449931509793
1.3.6.1.4.1.14519.5.2.1.6279.6001.124154461048929153767743874565,1,GradCAM,0.15973231196403503,-0.04222770052255352,-0.04608764126896858,0.012554738457459035,0.008982133818790317,inf,-0.0814628005027771,0.005246098153293133,-0.0566086620092392,0.016220795921981335
1.3.6.1.4.1.14519.5.2.1.6279.6001.124154461048929153767743874565,1,GradCAM++,0.15973231196403503,-0.05747279886690141,-0.05344358645379543,0.013575865962704473,0.009972395142540336,inf,-0.07583171129226685,0.006465350277721882,-0.07061164081096649,0.0175486346706748
1.3.6.1.4.1.14519.5.2.1.6279.6001.124154461048929153767743874565,1,RISE,0.15973231196403503,0.04271493163026081,0.023259627632796764,0.3287987590275068,0.28181436378508806,inf,0.041242122650146484,0.25716377329081297,0.03980749100446701,0.3976659579202533
1.3.6.1.4.1.14519.5.2.1.6279.6001.281489753704424911132261151767,1,IG,0.15973231196403503,0.10822403007576797,0.06601654674159363,0.010334976951078968,0.03770723616798932,inf,0.07568075507879257,0.006128815934062004,0.13609085604548454,-0.005655449931509793
1.3.6.1.4.1.14519.5.2.1.6279.6001.281489753704424911132261151767,1,GradCAM,0.15973231196403503,-0.04222770052255352,-0.04608764126896858,0.012554738457459035,0.008982133818790317,inf,-0.0814628005027771,0.005246098153293133,-0.0566086620092392,0.016220795921981335
1.3.6.1.4.1.14519.5.2.1.6279.6001.281489753704424911132261151767,1,GradCAM++,0.15973231196403503,-0.05747279886690141,-0.05344358645379543,0.013575865962704473,0.009972395142540336,inf,-0.07583171129226685,0.006465350277721882,-0.07061164081096649,0.0175486346706748
1.3.6.1.4.1.14519.5.2.1.6279.6001.281489753704424911132261151767,1,RISE,0.15973231196403503,0.04271493163026081,0.023259627632796764,0.3287987590275068,0.28181436378508806,inf,0.041242122650146484,0.25716377329081297,0.03980749100446701,0.3976659579202533
1.3.6.1.4.1.14519.5.2.1.6279.6001.249530219848512542668813996730,1,IG,0.15973231196403503,0.10822403007576797,0.06601654674159363,0.010334976951078968,0.03770723616798932,inf,0.07568075507879257,0.006128815934062004,0.13609085604548454,-0.005655449931509793
1.3.6.1.4.1.14519.5.2.1.6279.6001.249530219848512542668813996730,1,GradCAM,0.15973231196403503,-0.04222770052255352,-0.04608764126896858,0.012554738457459035,0.008982133818790317,inf,-0.0814628005027771,0.005246098153293133,-0.0566086620092392,0.016220795921981335
1.3.6.1.4.1.14519.5.2.1.6279.6001.249530219848512542668813996730,1,GradCAM++,0.15973231196403503,-0.05747279886690141,-0.05344358645379543,0.013575865962704473,0.009972395142540336,inf,-0.07583171129226685,0.006465350277721882,-0.07061164081096649,0.0175486346706748
1.3.6.1.4.1.14519.5.2.1.6279.6001.249530219848512542668813996730,1,RISE,0.15973231196403503,0.04271493163026081,0.023259627632796764,0.3287987590275068,0.28181436378508806,inf,0.041242122650146484,0.25716377329081297,0.03980749100446701,0.3976659579202533
1.3.6.1.4.1.14519.5.2.1.6279.6001.128023902651233986592378348912,0,IG,0.15973231196403503,0.10822403007576797,0.06601654674159363,0.010334976951078968,0.03770723616798932,0.01,0.07568075507879257,0.006128815934062004,0.13609085604548454,-0.005655449931509793
1.3.6.1.4.1.14519.5.2.1.6279.6001.128023902651233986592378348912,0,GradCAM,0.15973231196403503,-0.04222770052255352,-0.04608764126896858,0.012554738457459035,0.008982133818790317,0.01,-0.0814628005027771,0.005246098153293133,-0.0566086620092392,0.016220795921981335
1.3.6.1.4.1.14519.5.2.1.6279.6001.128023902651233986592378348912,0,GradCAM++,0.15973231196403503,-0.05747279886690141,-0.05344358645379543,0.013575865962704473,0.009972395142540336,0.01,-0.07583171129226685,0.006465350277721882,-0.07061164081096649,0.0175486346706748
1.3.6.1.4.1.14519.5.2.1.6279.6001.128023902651233986592378348912,0,RISE,0.15973231196403503,0.04271493163026081,0.023259627632796764,0.3287987590275068,0.28181436378508806,0.01,0.041242122650146484,0.25716377329081297,0.03980749100446701,0.3976659579202533
1.3.6.1.4.1.14519.5.2.1.6279.6001.979083010707182900091062408058,0,IG,0.15973231196403503,0.10822403007576797,0.06601654674159363,0.010334976951078968,0.03770723616798932,0.01,0.07568075507879257,0.006128815934062004,0.13609085604548454,-0.005655449931509793
1.3.6.1.4.1.14519.5.2.1.6279.6001.979083010707182900091062408058,0,GradCAM,0.15973231196403503,-0.04222770052255352,-0.04608764126896858,0.012554738457459035,0.008982133818790317,0.01,-0.0814628005027771,0.005246098153293133,-0.0566086620092392,0.016220795921981335
1.3.6.1.4.1.14519.5.2.1.6279.6001.979083010707182900091062408058,0,GradCAM++,0.15973231196403503,-0.05747279886690141,-0.05344358645379543,0.013575865962704473,0.009972395142540336,0.01,-0.07583171129226685,0.006465350277721882,-0.07061164081096649,0.0175486346706748
1.3.6.1.4.1.14519.5.2.1.6279.6001.979083010707182900091062408058,0,RISE,0.15973231196403503,0.04271493163026081,0.023259627632796764,0.3287987590275068,0.28181436378508806,0.01,0.041242122650146484,0.25716377329081297,0.03980749100446701,0.3976659579202533
1.3.6.1.4.1.14519.5.2.1.6279.6001.278660284797073139172446973682,0,IG,0.15973231196403503,0.10822403007576797,0.06601654674159363,0.010334976951078968,0.03770723616798932,0.01,0.07568075507879257,0.006128815934062004,0.13609085604548454,-0.005655449931509793
1.3.6.1.4.1.14519.5.2.1.6279.6001.278660284797073139172446973682,0,GradCAM,0.15973231196403503,-0.04222770052255352,-0.04608764126896858,0.012554738457459035,0.008982133818790317,0.01,-0.0814628005027771,0.005246098153293133,-0.0566086620092392,0.016220795921981335
1.3.6.1.4.1.14519.5.2.1.6279.6001.278660284797073139172446973682,0,GradCAM++,0.15973231196403503,-0.05747279886690141,-0.05344358645379543,0.013575865962704473,0.009972395142540336,0.01,-0.07583171129226685,0.006465350277721882,-0.07061164081096649,0.0175486346706748
1.3.6.1.4.1.14519.5.2.1.6279.6001.278660284797073139172446973682,0,RISE,0.15973231196403503,0.04271493163026081,0.023259627632796764,0.3287987590275068,0.28181436378508806,0.01,0.041242122650146484,0.25716377329081297,0.03980749100446701,0.3976659579202533
1.3.6.1.4.1.14519.5.2.1.6279.6001.323302986710576400812869264321,0,IG,0.15973231196403503,0.10822403007576797,0.06601654674159363,0.010334976951078968,0.03770723616798932,0.01,0.07568075507879257,0.006128815934062004,0.13609085604548454,-0.005655449931509793
1.3.6.1.4.1.14519.5.2.1.6279.6001.323302986710576400812869264321,0,GradCAM,0.15973231196403503,-0.04222770052255352,-0.04608764126896858,0.012554738457459035,0.008982133818790317,0.01,-0.0814628005027771,0.005246098153293133,-0.0566086620092392,0.016220795921981335
1.3.6.1.4.1.14519.5.2.1.6279.6001.323302986710576400812869264321,0,GradCAM++,0.15973231196403503,-0.05747279886690141,-0.05344358645379543,0.013575865962704473,0.009972395142540336,0.01,-0.07583171129226685,0.006465350277721882,-0.07061164081096649,0.0175486346706748
1.3.6.1.4.1.14519.5.2.1.6279.6001.323302986710576400812869264321,0,RISE,0.15973231196403503,0.04271493163026081,0.023259627632796764,0.3287987590275068,0.28181436378508806,0.01,0.041242122650146484,0.25716377329081297,0.03980749100446701,0.3976659579202533
1.3.6.1.4.1.14519.5.2.1.6279.6001.310548927038333190233889983845,0,IG,0.15973231196403503,0.10822403007576797,0.06601654674159363,0.010334976951078968,0.03770723616798932,0.01,0.07568075507879257,0.006128815934062004,0.13609085604548454,-0.005655449931509793
1.3.6.1.4.1.14519.5.2.1.6279.6001.310548927038333190233889983845,0,GradCAM,0.15973231196403503,-0.04222770052255352,-0.04608764126896858,0.012554738457459035,0.008982133818790317,0.01,-0.0814628005027771,0.005246098153293133,-0.0566086620092392,0.016220795921981335
1.3.6.1.4.1.14519.5.2.1.6279.6001.310548927038333190233889983845,0,GradCAM++,0.15973231196403503,-0.05747279886690141,-0.05344358645379543,0.013575865962704473,0.009972395142540336,0.01,-0.07583171129226685,0.006465350277721882,-0.07061164081096649,0.0175486346706748
1.3.6.1.4.1.14519.5.2.1.6279.6001.310548927038333190233889983845,0,RISE,0.15973231196403503,0.04271493163026081,0.023259627632796764,0.3287987590275068,0.28181436378508806,0.01,0.041242122650146484,0.25716377329081297,0.03980749100446701,0.3976659579202533
