seriesuid,label,p0,saliency_grad_drop@5%,saliency_grad_drop@10%,ig_drop@5%,ig_drop@10%,gradcam_ins@5%,gradcam_ins@10%,gradcampp_ins@5%,gradcampp_ins@10%,rise_ins@5%,rise_ins@10%
1.3.6.1.4.1.14519.5.2.1.6279.6001.249530219848512542668813996730,1,0.15981097519397736,0.017324119806289673,0.0776890367269516,0.07356443256139755,0.13532005809247494,0.12666130624711514,0.08063814602792263,0.006765106692910194,0.014543415978550911,0.04220297001302242,0.04907259903848171
1.3.6.1.4.1.14519.5.2.1.6279.6001.313605260055394498989743099991,1,0.15981097519397736,0.017324119806289673,0.0776890367269516,0.07356443256139755,0.13532005809247494,0.12666130624711514,0.08063814602792263,0.006765106692910194,0.014543415978550911,0.04220297001302242,0.04907259903848171
1.3.6.1.4.1.14519.5.2.1.6279.6001.124154461048929153767743874565,1,0.15981097519397736,0.017324119806289673,0.0776890367269516,0.07356443256139755,0.13532005809247494,0.12666130624711514,0.08063814602792263,0.006765106692910194,0.014543415978550911,0.04220297001302242,0.04907259903848171
1.3.6.1.4.1.14519.5.2.1.6279.6001.281489753704424911132261151767,1,0.15981097519397736,0.017324119806289673,0.0776890367269516,0.07356443256139755,0.13532005809247494,0.12666130624711514,0.08063814602792263,0.006765106692910194,0.014543415978550911,0.04220297001302242,0.04907259903848171
1.3.6.1.4.1.14519.5.2.1.6279.6001.249530219848512542668813996730,1,0.15981097519397736,0.017324119806289673,0.0776890367269516,0.07356443256139755,0.13532005809247494,0.12666130624711514,0.08063814602792263,0.006765106692910194,0.014543415978550911,0.04220297001302242,0.04907259903848171
1.3.6.1.4.1.14519.5.2.1.6279.6001.128023902651233986592378348912,0,0.15981097519397736,0.017324119806289673,0.0776890367269516,0.07356443256139755,0.13532005809247494,0.12666130624711514,0.08063814602792263,0.006765106692910194,0.014543415978550911,0.04220297001302242,0.04907259903848171
1.3.6.1.4.1.14519.5.2.1.6279.6001.979083010707182900091062408058,0,0.15981097519397736,0.017324119806289673,0.0776890367269516,0.07356443256139755,0.13532005809247494,0.12666130624711514,0.08063814602792263,0.006765106692910194,0.014543415978550911,0.04220297001302242,0.04907259903848171
1.3.6.1.4.1.14519.5.2.1.6279.6001.278660284797073139172446973682,0,0.15981097519397736,0.017324119806289673,0.0776890367269516,0.07356443256139755,0.13532005809247494,0.12666130624711514,0.08063814602792263,0.006765106692910194,0.014543415978550911,0.04220297001302242,0.04907259903848171
1.3.6.1.4.1.14519.5.2.1.6279.6001.323302986710576400812869264321,0,0.15981097519397736,0.017324119806289673,0.0776890367269516,0.07356443256139755,0.13532005809247494,0.12666130624711514,0.08063814602792263,0.006765106692910194,0.014543415978550911,0.04220297001302242,0.04907259903848171
1.3.6.1.4.1.14519.5.2.1.6279.6001.310548927038333190233889983845,0,0.15981097519397736,0.017324119806289673,0.0776890367269516,0.07356443256139755,0.13532005809247494,0.12666130624711514,0.08063814602792263,0.006765106692910194,0.014543415978550911,0.04220297001302242,0.04907259903848171
