seriesuid,p0,drop@2%,drop@5%,drop@10%,drop@20%
1.3.6.1.4.1.14519.5.2.1.6279.6001.249530219848512542668813996730,0.15981097519397736,-0.1535671204328537,-0.09373964369297028,-0.1385304480791092,-0.044735416769981384
1.3.6.1.4.1.14519.5.2.1.6279.6001.313605260055394498989743099991,0.15981097519397736,-0.1535671204328537,-0.09373964369297028,-0.1385304480791092,-0.044735416769981384
1.3.6.1.4.1.14519.5.2.1.6279.6001.124154461048929153767743874565,0.15981097519397736,-0.1535671204328537,-0.09373964369297028,-0.1385304480791092,-0.044735416769981384
1.3.6.1.4.1.14519.5.2.1.6279.6001.281489753704424911132261151767,0.15981097519397736,-0.1535671204328537,-0.09373964369297028,-0.1385304480791092,-0.044735416769981384
1.3.6.1.4.1.14519.5.2.1.6279.6001.249530219848512542668813996730,0.15981097519397736,-0.1535671204328537,-0.09373964369297028,-0.1385304480791092,-0.044735416769981384
1.3.6.1.4.1.14519.5.2.1.6279.6001.128023902651233986592378348912,0.15981097519397736,-0.1535671204328537,-0.09373964369297028,-0.1385304480791092,-0.044735416769981384
1.3.6.1.4.1.14519.5.2.1.6279.6001.979083010707182900091062408058,0.15981097519397736,-0.1535671204328537,-0.09373964369297028,-0.1385304480791092,-0.044735416769981384
1.3.6.1.4.1.14519.5.2.1.6279.6001.278660284797073139172446973682,0.15981097519397736,-0.1535671204328537,-0.09373964369297028,-0.1385304480791092,-0.044735416769981384
1.3.6.1.4.1.14519.5.2.1.6279.6001.323302986710576400812869264321,0.15981097519397736,-0.1535671204328537,-0.09373964369297028,-0.1385304480791092,-0.044735416769981384
1.3.6.1.4.1.14519.5.2.1.6279.6001.310548927038333190233889983845,0.15981097519397736,-0.1535671204328537,-0.09373964369297028,-0.1385304480791092,-0.044735416769981384
