seriesuid,label,logit,prob,saliency_abs,saliency_grad,ig,gradcam,gradcampp,input,rise
1.3.6.1.4.1.14519.5.2.1.6279.6001.249530219848512542668813996730,1,-0.2446301132440567,0.43914565443992615,/content/drive/MyDrive/luna16_cls3d/fold_0/explain/1.3.6.1.4.1.14519.5.2.1.6279.6001.saliency_abs.npy,/content/drive/MyDrive/luna16_cls3d/fold_0/explain/1.3.6.1.4.1.14519.5.2.1.6279.6001.saliency_grad.npy,/content/drive/MyDrive/luna16_cls3d/fold_0/explain/1.3.6.1.4.1.14519.5.2.1.6279.6001.ig.npy,/content/drive/MyDrive/luna16_cls3d/fold_0/explain/1.3.6.1.4.1.14519.5.2.1.6279.6001.gradcam.npy,/content/drive/MyDrive/luna16_cls3d/fold_0/explain/1.3.6.1.4.1.14519.5.2.1.6279.6001.gradcampp.npy,/content/drive/MyDrive/luna16_cls3d/fold_0/explain/1.3.6.1.4.1.14519.5.2.1.6279.6001.input.npy,/content/drive/MyDrive/luna16_cls3d/fold_0/explain/1.3.6.1.4.1.14519.5.2.1.6279.6001.rise.npy
1.3.6.1.4.1.14519.5.2.1.6279.6001.313605260055394498989743099991,1,-2.458958625793457,0.07878588885068893,/content/drive/MyDrive/luna16_cls3d/fold_0/explain/1.3.6.1.4.1.14519.5.2.1.6279.6001.saliency_abs.npy,/content/drive/MyDrive/luna16_cls3d/fold_0/explain/1.3.6.1.4.1.14519.5.2.1.6279.6001.saliency_grad.npy,/content/drive/MyDrive/luna16_cls3d/fold_0/explain/1.3.6.1.4.1.14519.5.2.1.6279.6001.ig.npy,/content/drive/MyDrive/luna16_cls3d/fold_0/explain/1.3.6.1.4.1.14519.5.2.1.6279.6001.gradcam.npy,/content/drive/MyDrive/luna16_cls3d/fold_0/explain/1.3.6.1.4.1.14519.5.2.1.6279.6001.gradcampp.npy,/content/drive/MyDrive/luna16_cls3d/fold_0/explain/1.3.6.1.4.1.14519.5.2.1.6279.6001.input.npy,/content/drive/MyDrive/luna16_cls3d/fold_0/explain/1.3.6.1.4.1.14519.5.2.1.6279.6001.rise.npy
1.3.6.1.4.1.14519.5.2.1.6279.6001.124154461048929153767743874565,1,-2.3832788467407227,0.0844566822052002,/content/drive/MyDrive/luna16_cls3d/fold_0/explain/1.3.6.1.4.1.14519.5.2.1.6279.6001.saliency_abs.npy,/content/drive/MyDrive/luna16_cls3d/fold_0/explain/1.3.6.1.4.1.14519.5.2.1.6279.6001.saliency_grad.npy,/content/drive/MyDrive/luna16_cls3d/fold_0/explain/1.3.6.1.4.1.14519.5.2.1.6279.6001.ig.npy,/content/drive/MyDrive/luna16_cls3d/fold_0/explain/1.3.6.1.4.1.14519.5.2.1.6279.6001.gradcam.npy,/content/drive/MyDrive/luna16_cls3d/fold_0/explain/1.3.6.1.4.1.14519.5.2.1.6279.6001.gradcampp.npy,/content/drive/MyDrive/luna16_cls3d/fold_0/explain/1.3.6.1.4.1.14519.5.2.1.6279.6001.input.npy,/content/drive/MyDrive/luna16_cls3d/fold_0/explain/1.3.6.1.4.1.14519.5.2.1.6279.6001.rise.npy
1.3.6.1.4.1.14519.5.2.1.6279.6001.281489753704424911132261151767,1,-2.5700716972351074,0.07108956575393677,/content/drive/MyDrive/luna16_cls3d/fold_0/explain/1.3.6.1.4.1.14519.5.2.1.6279.6001.saliency_abs.npy,/content/drive/MyDrive/luna16_cls3d/fold_0/explain/1.3.6.1.4.1.14519.5.2.1.6279.6001.saliency_grad.npy,/content/drive/MyDrive/luna16_cls3d/fold_0/explain/1.3.6.1.4.1.14519.5.2.1.6279.6001.ig.npy,/content/drive/MyDrive/luna16_cls3d/fold_0/explain/1.3.6.1.4.1.14519.5.2.1.6279.6001.gradcam.npy,/content/drive/MyDrive/luna16_cls3d/fold_0/explain/1.3.6.1.4.1.14519.5.2.1.6279.6001.gradcampp.npy,/content/drive/MyDrive/luna16_cls3d/fold_0/explain/1.3.6.1.4.1.14519.5.2.1.6279.6001.input.npy,/content/drive/MyDrive/luna16_cls3d/fold_0/explain/1.3.6.1.4.1.14519.5.2.1.6279.6001.rise.npy
1.3.6.1.4.1.14519.5.2.1.6279.6001.249530219848512542668813996730,1,0.8115633130073547,0.6924425363540649,/content/drive/MyDrive/luna16_cls3d/fold_0/explain/1.3.6.1.4.1.14519.5.2.1.6279.6001.saliency_abs.npy,/content/drive/MyDrive/luna16_cls3d/fold_0/explain/1.3.6.1.4.1.14519.5.2.1.6279.6001.saliency_grad.npy,/content/drive/MyDrive/luna16_cls3d/fold_0/explain/1.3.6.1.4.1.14519.5.2.1.6279.6001.ig.npy,/content/drive/MyDrive/luna16_cls3d/fold_0/explain/1.3.6.1.4.1.14519.5.2.1.6279.6001.gradcam.npy,/content/drive/MyDrive/luna16_cls3d/fold_0/explain/1.3.6.1.4.1.14519.5.2.1.6279.6001.gradcampp.npy,/content/drive/MyDrive/luna16_cls3d/fold_0/explain/1.3.6.1.4.1.14519.5.2.1.6279.6001.input.npy,/content/drive/MyDrive/luna16_cls3d/fold_0/explain/1.3.6.1.4.1.14519.5.2.1.6279.6001.rise.npy
1.3.6.1.4.1.14519.5.2.1.6279.6001.128023902651233986592378348912,0,-2.856128692626953,0.054365381598472595,/content/drive/MyDrive/luna16_cls3d/fold_0/explain/1.3.6.1.4.1.14519.5.2.1.6279.6001.saliency_abs.npy,/content/drive/MyDrive/luna16_cls3d/fold_0/explain/1.3.6.1.4.1.14519.5.2.1.6279.6001.saliency_grad.npy,/content/drive/MyDrive/luna16_cls3d/fold_0/explain/1.3.6.1.4.1.14519.5.2.1.6279.6001.ig.npy,/content/drive/MyDrive/luna16_cls3d/fold_0/explain/1.3.6.1.4.1.14519.5.2.1.6279.6001.gradcam.npy,/content/drive/MyDrive/luna16_cls3d/fold_0/explain/1.3.6.1.4.1.14519.5.2.1.6279.6001.gradcampp.npy,/content/drive/MyDrive/luna16_cls3d/fold_0/explain/1.3.6.1.4.1.14519.5.2.1.6279.6001.input.npy,/content/drive/MyDrive/luna16_cls3d/fold_0/explain/1.3.6.1.4.1.14519.5.2.1.6279.6001.rise.npy
1.3.6.1.4.1.14519.5.2.1.6279.6001.979083010707182900091062408058,0,-0.695536732673645,0.33280253410339355,/content/drive/MyDrive/luna16_cls3d/fold_0/explain/1.3.6.1.4.1.14519.5.2.1.6279.6001.saliency_abs.npy,/content/drive/MyDrive/luna16_cls3d/fold_0/explain/1.3.6.1.4.1.14519.5.2.1.6279.6001.saliency_grad.npy,/content/drive/MyDrive/luna16_cls3d/fold_0/explain/1.3.6.1.4.1.14519.5.2.1.6279.6001.ig.npy,/content/drive/MyDrive/luna16_cls3d/fold_0/explain/1.3.6.1.4.1.14519.5.2.1.6279.6001.gradcam.npy,/content/drive/MyDrive/luna16_cls3d/fold_0/explain/1.3.6.1.4.1.14519.5.2.1.6279.6001.gradcampp.npy,/content/drive/MyDrive/luna16_cls3d/fold_0/explain/1.3.6.1.4.1.14519.5.2.1.6279.6001.input.npy,/content/drive/MyDrive/luna16_cls3d/fold_0/explain/1.3.6.1.4.1.14519.5.2.1.6279.6001.rise.npy
1.3.6.1.4.1.14519.5.2.1.6279.6001.278660284797073139172446973682,0,-2.43977952003479,0.08018917590379715,/content/drive/MyDrive/luna16_cls3d/fold_0/explain/1.3.6.1.4.1.14519.5.2.1.6279.6001.saliency_abs.npy,/content/drive/MyDrive/luna16_cls3d/fold_0/explain/1.3.6.1.4.1.14519.5.2.1.6279.6001.saliency_grad.npy,/content/drive/MyDrive/luna16_cls3d/fold_0/explain/1.3.6.1.4.1.14519.5.2.1.6279.6001.ig.npy,/content/drive/MyDrive/luna16_cls3d/fold_0/explain/1.3.6.1.4.1.14519.5.2.1.6279.6001.gradcam.npy,/content/drive/MyDrive/luna16_cls3d/fold_0/explain/1.3.6.1.4.1.14519.5.2.1.6279.6001.gradcampp.npy,/content/drive/MyDrive/luna16_cls3d/fold_0/explain/1.3.6.1.4.1.14519.5.2.1.6279.6001.input.npy,/content/drive/MyDrive/luna16_cls3d/fold_0/explain/1.3.6.1.4.1.14519.5.2.1.6279.6001.rise.npy
1.3.6.1.4.1.14519.5.2.1.6279.6001.323302986710576400812869264321,0,-1.8649961948394775,0.13412176072597504,/content/drive/MyDrive/luna16_cls3d/fold_0/explain/1.3.6.1.4.1.14519.5.2.1.6279.6001.saliency_abs.npy,/content/drive/MyDrive/luna16_cls3d/fold_0/explain/1.3.6.1.4.1.14519.5.2.1.6279.6001.saliency_grad.npy,/content/drive/MyDrive/luna16_cls3d/fold_0/explain/1.3.6.1.4.1.14519.5.2.1.6279.6001.ig.npy,/content/drive/MyDrive/luna16_cls3d/fold_0/explain/1.3.6.1.4.1.14519.5.2.1.6279.6001.gradcam.npy,/content/drive/MyDrive/luna16_cls3d/fold_0/explain/1.3.6.1.4.1.14519.5.2.1.6279.6001.gradcampp.npy,/content/drive/MyDrive/luna16_cls3d/fold_0/explain/1.3.6.1.4.1.14519.5.2.1.6279.6001.input.npy,/content/drive/MyDrive/luna16_cls3d/fold_0/explain/1.3.6.1.4.1.14519.5.2.1.6279.6001.rise.npy
1.3.6.1.4.1.14519.5.2.1.6279.6001.310548927038333190233889983845,0,-1.6602212190628052,0.15973231196403503,/content/drive/MyDrive/luna16_cls3d/fold_0/explain/1.3.6.1.4.1.14519.5.2.1.6279.6001.saliency_abs.npy,/content/drive/MyDrive/luna16_cls3d/fold_0/explain/1.3.6.1.4.1.14519.5.2.1.6279.6001.saliency_grad.npy,/content/drive/MyDrive/luna16_cls3d/fold_0/explain/1.3.6.1.4.1.14519.5.2.1.6279.6001.ig.npy,/content/drive/MyDrive/luna16_cls3d/fold_0/explain/1.3.6.1.4.1.14519.5.2.1.6279.6001.gradcam.npy,/content/drive/MyDrive/luna16_cls3d/fold_0/explain/1.3.6.1.4.1.14519.5.2.1.6279.6001.gradcampp.npy,/content/drive/MyDrive/luna16_cls3d/fold_0/explain/1.3.6.1.4.1.14519.5.2.1.6279.6001.input.npy,/content/drive/MyDrive/luna16_cls3d/fold_0/explain/1.3.6.1.4.1.14519.5.2.1.6279.6001.rise.npy
